id,forager_id,item_id,kg
63d82c24-4767-410f-9935-0198f1cf9ccd,39fc3738-b9fe-43a8-8886-c23f187c491b,16,1.688312003320418
00a6e241-d789-4ac5-bdbd-692e94f1cd1a,2a1b666a-d9b2-4fd0-a32e-0a9af00df0d9,22,1.0525904937257085
623d28e9-7133-4f88-ba6c-77c5886c551b,3594edf3-2bfa-49ba-b927-9d3a57d444fb,7,4.305895281141625
0fc0e51b-371f-4691-8512-4eb8cad89298,f525f4cb-7324-4eda-b653-2593be670c94,17,1.3868291353081952
9ed9a59b-7cb2-4c04-b71c-b13d7d5d64b9,d1cc5eb4-ebdb-4f25-9323-8446cadc2b90,14,3.7473312116014252
b84835eb-0219-48ed-91a3-f1d0f0d8d2e6,0e4707f4-407e-4ec9-9665-baca0aabe88c,1,0.75
